{"log_evidence": -65.29430124949761, "total_samples": 5171, "unconverged_sample_size": 1, "time": "0:00:03.833243", "number_live_points": 50}